Huangpu,China,770 Vermont Way,CNY
Zarechnyy,Russia,6 Raven Place,RUB
Sychëvo,Russia,6 Barnett Plaza,RUB
Wolfville,Canada,72335 Morrow Point,CAD
Dingyan,China,88999 Welch Park,CNY
Mudian,China,4753 Saint Paul Lane,CNY
Keboncau,Indonesia,43 Bartelt Point,IDR
Oktyabr’skiy,Russia,8294 Browning Circle,RUB
Ban Dung,Thailand,91 Thackeray Pass,THB
Yangjia,China,0504 Brickson Park Court,CNY
Maoping,China,14 Merry Crossing,CNY
La Loma,Mexico,76920 Sage Hill,MXN
Currais Novos,Brazil,4894 Kenwood Trail,BRL
Huanggang,China,57 Troy Lane,CNY
Krasnaya Polyana,Russia,14 Summerview Court,RUB
Tlogosadang,Indonesia,4471 Service Court,IDR
Itatskiy,Russia,1 Stoughton Way,RUB
Fengting,China,4398 Clemons Alley,CNY
Banjaranyar,Indonesia,727 Moland Park,IDR
Zhongguanyi,China,6415 Southridge Junction,CNY
Liulimiao,China,0 Pond Parkway,CNY
Danxia,China,58 Village Green Junction,CNY
Xinji,China,1 3rd Way,CNY
Quimper,France,42 Holmberg Junction,EUR
Jiaotan,China,9914 Quincy Junction,CNY
Duyun,China,89113 Tennessee Plaza,CNY
Wreczyca Wielka,Poland,0687 Summit Drive,PLN
Narathiwat,Thailand,1445 Talmadge Park,THB
Gaojian,China,0 Crescent Oaks Street,CNY
Xianyang,China,06 Gateway Crossing,CNY
Gaotian,China,06 Dapin Junction,CNY
Zhanjia,China,280 Union Point,CNY
Longxi,China,1898 Sachs Drive,CNY
Kamiiso,Japan,015 Ridge Oak Crossing,JPY
Golub-Dobrzyn,Poland,7941 Memorial Court,PLN
Pundong,Indonesia,5 Carberry Terrace,IDR
Norrtälje,Sweden,999 Manufacturers Point,SEK
Satuek,Thailand,79 American Alley,THB
Fujia,China,80 Everett Road,CNY
Fangfan,China,34 Hintze Crossing,CNY
Taman,Indonesia,50793 Mallard Court,IDR
Nowy Korczyn,Poland,73199 Rusk Way,PLN
Cisadap,Indonesia,36610 Carey Crossing,IDR
Spirit River,Canada,065 Helena Way,CAD
Kokas,Indonesia,5907 Continental Terrace,IDR
Ceará Mirim,Brazil,77 Sunfield Junction,BRL
Weetombo,Indonesia,404 Bluestem Crossing,IDR
Independencia,Mexico,88 Caliangt Avenue,MXN
Jacksonville,United States,19 Gateway Terrace,USD
Chengbei,China,42 Granby Pass,CNY
Pniewy,Poland,914 Hanover Junction,PLN
Sypniewo,Poland,3823 Cottonwood Place,PLN
Ostrow Wielkopolski,Poland,54 Hermina Crossing,PLN
Skorzec,Poland,712 Marquette Trail,PLN
Babice,Poland,48 Del Sol Way,PLN
Moryn,Poland,6 Prairieview Place,PLN
Imielin,Poland,5 Walton Road,PLN
Katy Wroclawskie,Poland,17 Village Green Pass,PLN
Elk,Poland,30501 High Crossing Street,PLN
Grzybowa Gora,Poland,839 Elgar Crossing,PLN
Dzialdowo,Poland,76 Morning Way,PLN
Kup,Poland,10 Raven Pass,PLN
Korczyna,Poland,15938 Dovetail Pass,PLN
Grodzisk Mazowiecki,Poland,357 Briar Crest Center,PLN
Lapanow,Poland,1614 Cascade Parkway,PLN
Wrzasowice,Poland,9 Continental Plaza,PLN
Wielichowo,Poland,7254 Arizona Lane,PLN
Lubenia,Poland,79 Schiller Point,PLN
Wolbrom,Poland,209 Vermont Circle,PLN
Giebultow,Poland,143 Lerdahl Terrace,PLN
Zvëzdnyy,Russia,2 Helena Pass,RUB
Richmond,Canada,9697 Russell Point,CAD
Xuanzhou,China,69109 Del Mar Avenue,CNY
Saint Petersburg,Russia,51 Meadow Vale Alley,RUB
Zlota,Poland,18941 Fremont Place,PLN
Baishan,China,1 Garrison Terrace,CNY
Nubma,China,432 Jana Street,CNY
Dresi Wetan,Indonesia,7 Farragut Road,IDR
Zhushan,China,7536 Weeping Birch Parkway,CNY
Nanhuatang,China,28204 Briar Crest Plaza,CNY
Wolonio,Indonesia,54 Hazelcrest Hill,IDR
Mentaras,Indonesia,39 Hayes Drive,IDR
Jardin,Mexico,73694 Nancy Pass,MXN
Yanbei,China,971 Blue Bill Park Terrace,CNY
Rio Novo do Sul,Brazil,47 Florence Parkway,BRL
Kristianstad,Sweden,85 Ludington Lane,SEK
Kunwi,South Korea,74883 Prairieview Drive,KRW
Wilanagara,Indonesia,13 Blaine Trail,IDR
Tsurugi-asahimachi,Japan,337 Kings Plaza,JPY
Hengjie,China,06 Kinsman Hill,CNY
Altavista,Mexico,2 Bunting Trail,MXN
Longshan,China,2686 Oakridge Way,CNY
Bakung,Indonesia,95521 Huxley Crossing,IDR
Paris 14,France,65 Orin Parkway,EUR
Gunung,Indonesia,30868 Blue Bill Park Lane,IDR
Doropayung,Indonesia,1845 Brickson Park Circle,IDR
Anliang,China,26 Grasskamp Place,CNY
Pasarbaru,Indonesia,38 Loftsgordon Hill,IDR
Manggis,Indonesia,1 Maple Wood Crossing,IDR
Sanzao,China,8 Bowman Road,CNY
Saransk,Russia,9450 Independence Park,RUB
Xuanhua,China,5 Granby Center,CNY
Debowiec,Poland,6 Surrey Plaza,PLN
Fulu,China,45 Kenwood Plaza,CNY
Jatisari,Indonesia,55 Kipling Circle,IDR
Reims,France,6610 Rutledge Pass,EUR
Manukaka,Indonesia,04686 Sutherland Avenue,IDR
Hengxianhe,China,6089 Burning Wood Court,CNY
Anápolis,Brazil,39496 Fieldstone Avenue,BRL
Xin’an,China,7414 Texas Street,CNY
Parabon,Indonesia,022 Merchant Lane,IDR
Guohe,China,15 Pawling Junction,CNY
Hongshi,China,78451 Merchant Crossing,CNY
Yonghe,China,91 Lunder Junction,CNY
Huangbizhuang,China,80 Sherman Place,CNY
Dodol,Indonesia,486 Gale Road,IDR
Furudate,Japan,72 Jenna Drive,JPY
Roma,Italy,5 Farmco Place,EUR
Abakan,Russia,8 Quincy Park,RUB
Farsta,Sweden,3682 New Castle Trail,SEK
Phayuha Khiri,Thailand,3325 Bluejay Place,THB
Pervomaysk,Russia,015 Express Pass,RUB
New Glasgow,Canada,585 Sunfield Lane,CAD
Wotan,Indonesia,21071 Crownhardt Trail,IDR
Laozhuang,China,9 Swallow Point,CNY
Beopwon,South Korea,47 Anthes Court,KRW
Cha-am,Thailand,9158 Vernon Place,THB
Volgo-Kaspiyskiy,Russia,3209 Mifflin Pass,RUB
Nurlat,Russia,854 Northfield Crossing,RUB
Tuquan,China,4789 Pawling Avenue,CNY
Oganlima,Indonesia,77031 Basil Road,IDR
Yangong,China,1298 Browning Road,CNY
Tegallega,Indonesia,0 Crescent Oaks Street,IDR
Kae Dam,Thailand,307 Spenser Circle,THB
Karata,Russia,8 Debra Lane,RUB
Chojna,Poland,2498 Monterey Avenue,PLN
Meukek,Indonesia,81208 Dottie Circle,IDR
Ketangi,Indonesia,2537 Manitowish Place,IDR
Penitik,Indonesia,1 Muir Point,IDR
Jiangcun,China,79 Vera Circle,CNY
Jingyang,China,7200 Weeping Birch Drive,CNY
Tualangcut,Indonesia,17 Darwin Hill,IDR
Menara,Indonesia,72030 Birchwood Trail,IDR
Feuknoni,Indonesia,523 Center Terrace,IDR
Kasonawejo,Indonesia,21 Esch Lane,IDR
Renhe,China,9 Sachtjen Park,CNY
Swietajno,Poland,8 Donald Crossing,PLN
Pule,Indonesia,98 Golf View Road,IDR
Poyang,China,40894 Eagan Pass,CNY
Sangongqiao,China,01 Hanover Point,CNY
Kristinehamn,Sweden,579 Fairfield Lane,SEK
Longba,China,87208 Tennessee Drive,CNY
Perreng,Indonesia,7 Mayer Junction,IDR
Emiliano Zapata,Mexico,5721 Luster Hill,MXN
Akita Shi,Japan,9210 Annamark Drive,JPY
Salamrejo,Indonesia,56222 Warbler Alley,IDR
Aimadamodo,Indonesia,7999 Sycamore Lane,IDR
Kangping,China,1 Morning Road,CNY
Ubon Ratchathani,Thailand,73886 Commercial Center,THB
Hebeitun,China,022 Declaration Street,CNY
Jiguan,China,58604 Dunning Circle,CNY
Si Sa Ket,Thailand,95466 Kings Way,THB
Angkahgede,Indonesia,577 Hayes Alley,IDR
Zhangcun,China,2841 Summer Ridge Crossing,CNY
Montpellier,France,2376 Vernon Hill,EUR
Vitoria da Conquista,Brazil,9 Dryden Junction,BRL
Udomlya,Russia,62 Lillian Court,RUB
Huangtian,China,8 Crest Line Terrace,CNY
Jingu,China,81 Logan Junction,CNY
Tugulym,Russia,1242 Bluestem Terrace,RUB
Warungawi,Indonesia,341 Emmet Alley,IDR
Erdaojiang,China,815 Maryland Alley,CNY
Sipirok,Indonesia,78 Stang Court,IDR
Aikmel,Indonesia,282 Hovde Alley,IDR
Wotsogo,Indonesia,923 Thackeray Crossing,IDR
Awilega,Indonesia,7 Lakewood Gardens Parkway,IDR
Chegdomyn,Russia,57922 Knutson Avenue,RUB
Lugouqiao,China,369 Sunfield Avenue,CNY
Banjar Yehsatang,Indonesia,67 Pennsylvania Road,IDR
Campo Grande,Brazil,6140 Algoma Trail,BRL
"Palmas De Gran Canaria, Las",Spain,082 Towne Center,EUR
Xinfang,China,507 Elmside Street,CNY
Longxi,China,25 La Follette Avenue,CNY
Unden,Indonesia,60826 Surrey Terrace,IDR
Hamburg,Germany,5 Heffernan Parkway,EUR
Si Satchanalai,Thailand,80 Mifflin Trail,THB
Kalisari,Indonesia,79716 Parkside Road,IDR
lyse,Poland,09 Sunnyside Plaza,PLN
Shangzhang,China,813 Logan Crossing,CNY
Liuliping,China,85 Cascade Hill,CNY
Zama,Japan,182 Buell Point,JPY
Taiba,China,44118 Bobwhite Junction,CNY
Hobonio,Indonesia,28 Corben Court,IDR
Stockholm,Sweden,3847 Reindahl Junction,SEK
Sujiazhuang,China,09431 Lukken Drive,CNY
Yanglinshi,China,483 American Ash Trail,CNY
Dachong,China,2118 3rd Way,CNY
Gisiliba,Indonesia,23994 Mockingbird Lane,IDR
Chapultepec,Mexico,856 Springview Crossing,MXN
Dicun,China,405 Talmadge Plaza,CNY
Kroczyce,Poland,1588 Westend Plaza,PLN
Dakoutun,China,4 Barnett Terrace,CNY
Xianxi,China,46 Kipling Circle,CNY
Batawa,Indonesia,2219 Burrows Lane,IDR
Zhenxi,China,39 Mitchell Lane,CNY
Mulyosari,Indonesia,21997 Arapahoe Road,IDR
Macon,United States,73532 Johnson Parkway,USD
Choroszcz,Poland,29818 Kropf Parkway,PLN
Apiaí,Brazil,662 Fuller Alley,BRL
Ulan Us,China,5686 Sunfield Trail,CNY
Podkumskiy,Russia,173 Heath Place,RUB
Paris 06,France,4 Gateway Parkway,EUR
Las Flores,Mexico,2440 Hanson Junction,MXN
Louisville,United States,293 Harbort Parkway,USD
Zyuzino,Russia,19 Canary Park,RUB
Abashiri,Japan,30 Arrowood Point,JPY
Lyon,France,89217 Parkside Park,EUR
Tuwa,Indonesia,21 Swallow Road,IDR
Laojun,China,5662 Bunker Hill Center,CNY
Vol’nyy Aul,Russia,9185 Tennessee Center,RUB
